Nombre,Secuencia
Persona-001,ACGTACGTTAGCTAGCTAGCTAGCTACGTACGTACGTACGT
Persona-002,GGCCTTAAGCTAGCTAGCTAGCTAGCTAGCTAGCTAGCTA
Persona-003,TTAACCGGTTAACCGGTTAACCGGTTAACCGGTTAACCGG
Persona-004,ACGTACGTACGTACGTACGTACGTACGTACGTACGTACGT
Persona-005,CGATCGATCGATCGATCGATCGATCGATCGATCGATCGAT
Persona-006,TAGCTAGCTAGCTAGCTAGCTAGCTAGCTAGCTAGCTAGC
Persona-007,GCTAGCTAGCTAGCTAGCTAGCTAGCTAGCTAGCTAGCTA
Persona-008,ATATATATATATATATATATATATATATATATATATATAT
Persona-009,CGCGCGCGCGCGCGCGCGCGCGCGCGCGCGCGCGCGCG
Persona-010,TGCATGCATGCATGCATGCATGCATGCATGCATGCATGCA
